genes	CpG	condition	clr	panel
Tns1	92.31	DEEP_Sh	1	Sh vs Ct
Tns1	75	DEEP_Sh	1	Sh vs Ct
Tns1	86.67	DEEP_Ct	2	Sh vs Ct
Tns1	95.74	DEEP_Ct	2	Sh vs Ct
Tns1	76.3	Snupe_Ct	2	Sh vs Ct
Tns1	79.2	Snupe_Ct	2	Sh vs Ct
Tns1	76.9	Snupe_Ct	2	Sh vs Ct
Tns1	87	Snupe_Ct	2	Sh vs Ct
Tns1	75.6	Snupe_Ct	2	Sh vs Ct
Tns1	81	Snupe_Ct	2	Sh vs Ct
Tns1	78.9	Snupe_Ct	2	Sh vs Ct
Tns1	78.7	Snupe_Ct	2	Sh vs Ct
Tns1	77.9	Snupe_Ct	2	Sh vs Ct
Tns1	83.5	Snupe_Ct	2	Sh vs Ct
Tns1	80	Snupe_Sh	1	Sh vs Ct
Tns1	83.9	Snupe_Sh	1	Sh vs Ct
Tns1	80	Snupe_Sh	1	Sh vs Ct
Tns1	80.6	Snupe_Sh	1	Sh vs Ct
Tns1	81.8	Snupe_Sh	1	Sh vs Ct
Tns1	83.1	Snupe_Sh	1	Sh vs Ct
Tns1	82.5	Snupe_Sh	1	Sh vs Ct
Tns1	83.1	Snupe_Sh	1	Sh vs Ct
Tns1	80.5	Snupe_Sh	1	Sh vs Ct
Tns1	80.6	Snupe_Sh	1	Sh vs Ct
Tns1	79.3	Snupe_Sh	1	Sh vs Ct
Tns1	82.4	Snupe_Sh	1	Sh vs Ct
Tns1	79.6	Snupe_Sh	1	Sh vs Ct
Tns1	72.73	RRBS_Y	3	Y vs O
Tns1	100	RRBS_Y	3	Y vs O
Tns1	50	RRBS_Y	3	Y vs O
Tns1	84.21	RRBS_Y	3	Y vs O
Tns1	58.62	RRBS_O	4	Y vs O
Tns1	73.08	RRBS_O	4	Y vs O
Tns1	60	RRBS_O	4	Y vs O
Tns1	81.48	RRBS_O	4	Y vs O
Tns1	83.5372442	miseq_Y	3	Y vs O
Tns1	82.0680441	miseq_Y	3	Y vs O
Tns1	80.6970801	miseq_Y	3	Y vs O
Tns1	83.9614541	miseq_Y	3	Y vs O
Tns1	74.9627422	miseq_O	4	Y vs O
Tns1	69.6696994	miseq_O	4	Y vs O
Tns1	71.6079762	miseq_O	4	Y vs O
Tns1	65.1603706	miseq_O	4	Y vs O
Art3	57.14	DEEP_Sh	1	Sh vs Ct
Art3	59.65	DEEP_Sh	1	Sh vs Ct
Art3	14.56	DEEP_Ct	2	Sh vs Ct
Art3	34.09	DEEP_Ct	2	Sh vs Ct
Art3	52.9	Snupe_Ct	2	Sh vs Ct
Art3	79.3	Snupe_Ct	2	Sh vs Ct
Art3	55.1	Snupe_Ct	2	Sh vs Ct
Art3	56	Snupe_Ct	2	Sh vs Ct
Art3	60.1	Snupe_Ct	2	Sh vs Ct
Art3	63.4	Snupe_Ct	2	Sh vs Ct
Art3	52.4	Snupe_Ct	2	Sh vs Ct
Art3	63.8	Snupe_Ct	2	Sh vs Ct
Art3	48.9	Snupe_Ct	2	Sh vs Ct
Art3	68.4	Snupe_Sh	1	Sh vs Ct
Art3	74.5	Snupe_Sh	1	Sh vs Ct
Art3	65.5	Snupe_Sh	1	Sh vs Ct
Art3	66.3	Snupe_Sh	1	Sh vs Ct
Art3	74	Snupe_Sh	1	Sh vs Ct
Art3	73	Snupe_Sh	1	Sh vs Ct
Art3	69.8	Snupe_Sh	1	Sh vs Ct
Art3	70.1	Snupe_Sh	1	Sh vs Ct
Art3	61.3	Snupe_Sh	1	Sh vs Ct
Art3	65.2	Snupe_Sh	1	Sh vs Ct
Art3	63.6	Snupe_Sh	1	Sh vs Ct
Art3	58	Snupe_Sh	1	Sh vs Ct
Art3	75.4	Snupe_Sh	1	Sh vs Ct
Art3	27.27	RRBS_Y	3	Y vs O
Art3	100	RRBS_Y	3	Y vs O
Art3	86.21	RRBS_Y	3	Y vs O
Art3	91.67	RRBS_Y	3	Y vs O
Art3	16.67	RRBS_O	4	Y vs O
Art3	5.88	RRBS_O	4	Y vs O
Art3	6.98	RRBS_O	4	Y vs O
Art3	28.57	RRBS_O	4	Y vs O
Art3	67.791643	miseq_Y	3	Y vs O
Art3	78.8554643	miseq_Y	3	Y vs O
Art3	71.848642	miseq_Y	3	Y vs O
Art3	68.5092492	miseq_Y	3	Y vs O
Art3	65.7760555	miseq_O	4	Y vs O
Art3	31.2183693	miseq_O	4	Y vs O
Art3	51.4757425	miseq_O	4	Y vs O
Art3	55.6648452	miseq_O	4	Y vs O
Smarca2	85.71	DEEP_Sh	1	Sh vs Ct
Smarca2	72.41	DEEP_Sh	1	Sh vs Ct
Smarca2	89.29	DEEP_Ct	2	Sh vs Ct
Smarca2	71.64	DEEP_Ct	2	Sh vs Ct
Smarca2	59.6	Snupe_Ct	2	Sh vs Ct
Smarca2	70.7	Snupe_Ct	2	Sh vs Ct
Smarca2	54.8	Snupe_Ct	2	Sh vs Ct
Smarca2	74.7	Snupe_Ct	2	Sh vs Ct
Smarca2	64.2	Snupe_Ct	2	Sh vs Ct
Smarca2	60	Snupe_Ct	2	Sh vs Ct
Smarca2	64.5	Snupe_Ct	2	Sh vs Ct
Smarca2	76.9	Snupe_Ct	2	Sh vs Ct
Smarca2	68.5	Snupe_Ct	2	Sh vs Ct
Smarca2	68.7	Snupe_Ct	2	Sh vs Ct
Smarca2	66.7	Snupe_Sh	1	Sh vs Ct
Smarca2	77.5	Snupe_Sh	1	Sh vs Ct
Smarca2	76.9	Snupe_Sh	1	Sh vs Ct
Smarca2	66.4	Snupe_Sh	1	Sh vs Ct
Smarca2	77.8	Snupe_Sh	1	Sh vs Ct
Smarca2	80.9	Snupe_Sh	1	Sh vs Ct
Smarca2	75.2	Snupe_Sh	1	Sh vs Ct
Smarca2	77.8	Snupe_Sh	1	Sh vs Ct
Smarca2	73.8	Snupe_Sh	1	Sh vs Ct
Smarca2	81.6	Snupe_Sh	1	Sh vs Ct
Smarca2	67.5	Snupe_Sh	1	Sh vs Ct
Smarca2	69.3	Snupe_Sh	1	Sh vs Ct
Smarca2	73.6	Snupe_Sh	1	Sh vs Ct
Smarca2	72.8683446	miseq_Y	3	Y vs O
Smarca2	66.7743641	miseq_Y	3	Y vs O
Smarca2	71.959829	miseq_Y	3	Y vs O
Smarca2	99.8182419	miseq_Y	3	Y vs O
Smarca2	67.8811259	miseq_O	4	Y vs O
Smarca2	48.8523661	miseq_O	4	Y vs O
Smarca2	59.1623037	miseq_O	4	Y vs O
Smarca2	63.6133237	miseq_O	4	Y vs O
Ndrg2	68.04	DEEP_Sh	1	Sh vs Ct
Ndrg2	70.37	DEEP_Sh	1	Sh vs Ct
Ndrg2	54.05	DEEP_Ct	2	Sh vs Ct
Ndrg2	60.67	DEEP_Ct	2	Sh vs Ct
Ndrg2	59.6	Snupe_Ct	2	Sh vs Ct
Ndrg2	70.7	Snupe_Ct	2	Sh vs Ct
Ndrg2	54.8	Snupe_Ct	2	Sh vs Ct
Ndrg2	74.7	Snupe_Ct	2	Sh vs Ct
Ndrg2	64.2	Snupe_Ct	2	Sh vs Ct
Ndrg2	60	Snupe_Ct	2	Sh vs Ct
Ndrg2	64.5	Snupe_Ct	2	Sh vs Ct
Ndrg2	76.9	Snupe_Ct	2	Sh vs Ct
Ndrg2	68.5	Snupe_Ct	2	Sh vs Ct
Ndrg2	68.7	Snupe_Ct	2	Sh vs Ct
Ndrg2	66.7	Snupe_Sh	1	Sh vs Ct
Ndrg2	77.5	Snupe_Sh	1	Sh vs Ct
Ndrg2	76.9	Snupe_Sh	1	Sh vs Ct
Ndrg2	66.4	Snupe_Sh	1	Sh vs Ct
Ndrg2	77.8	Snupe_Sh	1	Sh vs Ct
Ndrg2	80.9	Snupe_Sh	1	Sh vs Ct
Ndrg2	75.2	Snupe_Sh	1	Sh vs Ct
Ndrg2	77.8	Snupe_Sh	1	Sh vs Ct
Ndrg2	73.8	Snupe_Sh	1	Sh vs Ct
Ndrg2	81.6	Snupe_Sh	1	Sh vs Ct
Ndrg2	67.5	Snupe_Sh	1	Sh vs Ct
Ndrg2	69.3	Snupe_Sh	1	Sh vs Ct
Ndrg2	73.6	Snupe_Sh	1	Sh vs Ct
Ndrg2	94.44	RRBS_Y	3	Y vs O
Ndrg2	55.56	RRBS_Y	3	Y vs O
Ndrg2	47.37	RRBS_Y	3	Y vs O
Ndrg2	50	RRBS_Y	3	Y vs O
Ndrg2	16.67	RRBS_O	4	Y vs O
Ndrg2	7.69	RRBS_O	4	Y vs O
Ndrg2	16.67	RRBS_O	4	Y vs O
Ndrg2	63.64	RRBS_O	4	Y vs O
Ndrg2	74.5	miseq_Y	3	Y vs O
Ndrg2	64	miseq_Y	3	Y vs O
Ndrg2	75.1848367	miseq_Y	3	Y vs O
Ndrg2	71.5564963	miseq_Y	3	Y vs O
Ndrg2	72.6714245	miseq_O	4	Y vs O
Ndrg2	28.2509562	miseq_O	4	Y vs O
Ndrg2	56.4247016	miseq_O	4	Y vs O
Ndrg2	73.2699778	miseq_O	4	Y vs O
Fgfr3	84.52	DEEP_Sh	1	Sh vs Ct
Fgfr3	86.24	DEEP_Sh	1	Sh vs Ct
Fgfr3	70.11	DEEP_Ct	2	Sh vs Ct
Fgfr3	74.29	DEEP_Ct	2	Sh vs Ct
Fgfr3	63.4	Snupe_Ct	2	Sh vs Ct
Fgfr3	67.8	Snupe_Ct	2	Sh vs Ct
Fgfr3	71.7	Snupe_Ct	2	Sh vs Ct
Fgfr3	63.9	Snupe_Ct	2	Sh vs Ct
Fgfr3	69.6	Snupe_Ct	2	Sh vs Ct
Fgfr3	70.1	Snupe_Ct	2	Sh vs Ct
Fgfr3	64.7	Snupe_Ct	2	Sh vs Ct
Fgfr3	67.4	Snupe_Ct	2	Sh vs Ct
Fgfr3	68.7	Snupe_Ct	2	Sh vs Ct
Fgfr3	69.3	Snupe_Ct	2	Sh vs Ct
Fgfr3	63.2	Snupe_Sh	1	Sh vs Ct
Fgfr3	74	Snupe_Sh	1	Sh vs Ct
Fgfr3	75.4	Snupe_Sh	1	Sh vs Ct
Fgfr3	79.1	Snupe_Sh	1	Sh vs Ct
Fgfr3	65	Snupe_Sh	1	Sh vs Ct
Fgfr3	71.3	Snupe_Sh	1	Sh vs Ct
Fgfr3	76	Snupe_Sh	1	Sh vs Ct
Fgfr3	61	Snupe_Sh	1	Sh vs Ct
Fgfr3	67	Snupe_Sh	1	Sh vs Ct
Fgfr3	76.6	Snupe_Sh	1	Sh vs Ct
Fgfr3	71.2	Snupe_Sh	1	Sh vs Ct
Fgfr3	77.3	Snupe_Sh	1	Sh vs Ct
Fgfr3	72.7	Snupe_Sh	1	Sh vs Ct
Fgfr3	80	RRBS_Y	3	Y vs O
Fgfr3	87.8	RRBS_Y	3	Y vs O
Fgfr3	77.27	RRBS_Y	3	Y vs O
Fgfr3	65.52	RRBS_Y	3	Y vs O
Fgfr3	50	RRBS_O	4	Y vs O
Fgfr3	29.55	RRBS_O	4	Y vs O
Fgfr3	23.26	RRBS_O	4	Y vs O
Fgfr3	25	RRBS_O	4	Y vs O
Fgfr3	87	miseq_Y	3	Y vs O
Fgfr3	77.8599021	miseq_Y	3	Y vs O
Fgfr3	78.3705507	miseq_Y	3	Y vs O
Fgfr3	79.3	miseq_Y	3	Y vs O
Fgfr3	63.2207311	miseq_O	4	Y vs O
Fgfr3	30.7645313	miseq_O	4	Y vs O
Fgfr3	46.8525151	miseq_O	4	Y vs O
Fgfr3	51.9786809	miseq_O	4	Y vs O
Cpn2	86	DEEP_Sh	1	Sh vs Ct
Cpn2	84.75	DEEP_Sh	1	Sh vs Ct
Cpn2	66.67	DEEP_Ct	2	Sh vs Ct
Cpn2	78.57	DEEP_Ct	2	Sh vs Ct
Cpn2	78.2	Snupe_Ct	2	Sh vs Ct
Cpn2	79.3	Snupe_Ct	2	Sh vs Ct
Cpn2	75.8	Snupe_Ct	2	Sh vs Ct
Cpn2	75.3	Snupe_Ct	2	Sh vs Ct
Cpn2	76	Snupe_Ct	2	Sh vs Ct
Cpn2	73.4	Snupe_Ct	2	Sh vs Ct
Cpn2	77.1	Snupe_Ct	2	Sh vs Ct
Cpn2	78.2	Snupe_Ct	2	Sh vs Ct
Cpn2	74.8	Snupe_Ct	2	Sh vs Ct
Cpn2	79.5	Snupe_Ct	2	Sh vs Ct
Cpn2	79.1	Snupe_Sh	1	Sh vs Ct
Cpn2	76.9	Snupe_Sh	1	Sh vs Ct
Cpn2	76.6	Snupe_Sh	1	Sh vs Ct
Cpn2	78.9	Snupe_Sh	1	Sh vs Ct
Cpn2	78.1	Snupe_Sh	1	Sh vs Ct
Cpn2	78.1	Snupe_Sh	1	Sh vs Ct
Cpn2	79.1	Snupe_Sh	1	Sh vs Ct
Cpn2	78.9	Snupe_Sh	1	Sh vs Ct
Cpn2	77.6	Snupe_Sh	1	Sh vs Ct
Cpn2	79.3	Snupe_Sh	1	Sh vs Ct
Cpn2	81.2	Snupe_Sh	1	Sh vs Ct
Cpn2	77.6	Snupe_Sh	1	Sh vs Ct
Cpn2	78.3	Snupe_Sh	1	Sh vs Ct
Cpn2	83.33	RRBS_Y	3	Y vs O
Cpn2	100	RRBS_Y	3	Y vs O
Cpn2	83.33	RRBS_Y	3	Y vs O
Cpn2	60	RRBS_Y	3	Y vs O
Cpn2	50	RRBS_O	4	Y vs O
Cpn2	43.9	RRBS_O	4	Y vs O
Cpn2	58.82	RRBS_O	4	Y vs O
Cpn2	50	RRBS_O	4	Y vs O
Cpn2	74.3618049	miseq_Y	3	Y vs O
Cpn2	74.2241746	miseq_Y	3	Y vs O
Cpn2	73.2033463	miseq_Y	3	Y vs O
Cpn2	61.1729802	miseq_Y	3	Y vs O
Cpn2	57.4209491	miseq_O	4	Y vs O
Cpn2	41.9191724	miseq_O	4	Y vs O
Cpn2	53.2311157	miseq_O	4	Y vs O
Cpn2	42.5020391	miseq_O	4	Y vs O
Ahdc1	71.43	DEEP_Sh	1	Sh vs Ct
Ahdc1	69.23	DEEP_Sh	1	Sh vs Ct
Ahdc1	85.71	DEEP_Ct	2	Sh vs Ct
Ahdc1	81.82	DEEP_Ct	2	Sh vs Ct
Ahdc1	56.7	Snupe_Ct	2	Sh vs Ct
Ahdc1	57.8	Snupe_Ct	2	Sh vs Ct
Ahdc1	56	Snupe_Ct	2	Sh vs Ct
Ahdc1	56.5	Snupe_Ct	2	Sh vs Ct
Ahdc1	57.7	Snupe_Ct	2	Sh vs Ct
Ahdc1	59.3	Snupe_Ct	2	Sh vs Ct
Ahdc1	56	Snupe_Ct	2	Sh vs Ct
Ahdc1	55.5	Snupe_Ct	2	Sh vs Ct
Ahdc1	54.8	Snupe_Ct	2	Sh vs Ct
Ahdc1	54.9	Snupe_Ct	2	Sh vs Ct
Ahdc1	63.7	Snupe_Sh	1	Sh vs Ct
Ahdc1	62	Snupe_Sh	1	Sh vs Ct
Ahdc1	60.6	Snupe_Sh	1	Sh vs Ct
Ahdc1	61.5	Snupe_Sh	1	Sh vs Ct
Ahdc1	59.1	Snupe_Sh	1	Sh vs Ct
Ahdc1	61	Snupe_Sh	1	Sh vs Ct
Ahdc1	62.1	Snupe_Sh	1	Sh vs Ct
Ahdc1	59.2	Snupe_Sh	1	Sh vs Ct
Ahdc1	62.9	Snupe_Sh	1	Sh vs Ct
Ahdc1	64.4	Snupe_Sh	1	Sh vs Ct
Ahdc1	61.1	Snupe_Sh	1	Sh vs Ct
Ahdc1	55.8	Snupe_Sh	1	Sh vs Ct
Ahdc1	61.4	Snupe_Sh	1	Sh vs Ct
Ahdc1	83.33	RRBS_Y	3	Y vs O
Ahdc1	77.78	RRBS_Y	3	Y vs O
Ahdc1	83.33	RRBS_Y	3	Y vs O
Ahdc1	82.14	RRBS_Y	3	Y vs O
Ahdc1	16.67	RRBS_O	4	Y vs O
Ahdc1	60	RRBS_O	4	Y vs O
Ahdc1	80.65	RRBS_O	4	Y vs O
Ahdc1	66.67	RRBS_O	4	Y vs O
Ahdc1	65.2399619	miseq_Y	3	Y vs O
Ahdc1	75.3507093	miseq_Y	3	Y vs O
Ahdc1	72.9326341	miseq_Y	3	Y vs O
Ahdc1	79.645823	miseq_Y	3	Y vs O
Ahdc1	70.4034392	miseq_O	4	Y vs O
Ahdc1	47.074526	miseq_O	4	Y vs O
Ahdc1	58.4847948	miseq_O	4	Y vs O
Ahdc1	52.3738872	miseq_O	4	Y vs O
Lrig1	66.67	DEEP_Sh	1	Sh vs Ct
Lrig1	40	DEEP_Sh	1	Sh vs Ct
Lrig1	66.67	DEEP_Ct	2	Sh vs Ct
Lrig1	21.43	DEEP_Ct	2	Sh vs Ct
Lrig1	44.2	Snupe_Ct	2	Sh vs Ct
Lrig1	46.8	Snupe_Ct	2	Sh vs Ct
Lrig1	50	Snupe_Ct	2	Sh vs Ct
Lrig1	48.6	Snupe_Ct	2	Sh vs Ct
Lrig1	46.9	Snupe_Ct	2	Sh vs Ct
Lrig1	45.4	Snupe_Ct	2	Sh vs Ct
Lrig1	51.1	Snupe_Ct	2	Sh vs Ct
Lrig1	47.8	Snupe_Ct	2	Sh vs Ct
Lrig1	43.9	Snupe_Ct	2	Sh vs Ct
Lrig1	52.3	Snupe_Sh	1	Sh vs Ct
Lrig1	48.7	Snupe_Sh	1	Sh vs Ct
Lrig1	48.8	Snupe_Sh	1	Sh vs Ct
Lrig1	41.5	Snupe_Sh	1	Sh vs Ct
Lrig1	48.7	Snupe_Sh	1	Sh vs Ct
Lrig1	49.9	Snupe_Sh	1	Sh vs Ct
Lrig1	52.1	Snupe_Sh	1	Sh vs Ct
Lrig1	47	Snupe_Sh	1	Sh vs Ct
Lrig1	50.3	Snupe_Sh	1	Sh vs Ct
Lrig1	49.7	Snupe_Sh	1	Sh vs Ct
Lrig1	49	Snupe_Sh	1	Sh vs Ct
Lrig1	48	Snupe_Sh	1	Sh vs Ct
Lrig1	47.6	Snupe_Sh	1	Sh vs Ct
Lrig1	46.7	Snupe_Sh	1	Sh vs Ct
Lrig1	58.6365656	miseq_Y	3	Y vs O
Lrig1	42.1255728	miseq_Y	3	Y vs O
Lrig1	48.5561324	miseq_Y	3	Y vs O
Lrig1	31.9107953	miseq_Y	3	Y vs O
Lrig1	60.4236078	miseq_O	4	Y vs O
Lrig1	30.2006541	miseq_O	4	Y vs O
Lrig1	39.7999648	miseq_O	4	Y vs O
Lrig1	44.024554	miseq_O	4	Y vs O
Inpp5a	63.33	DEEP_Sh	1	Sh vs Ct
Inpp5a	37.5	DEEP_Sh	1	Sh vs Ct
Inpp5a	28.21	DEEP_Ct	2	Sh vs Ct
Inpp5a	40.85	DEEP_Ct	2	Sh vs Ct
Inpp5a	57.3	Snupe_Ct	2	Sh vs Ct
Inpp5a	64.8	Snupe_Ct	2	Sh vs Ct
Inpp5a	68.6	Snupe_Ct	2	Sh vs Ct
Inpp5a	61.1	Snupe_Ct	2	Sh vs Ct
Inpp5a	57.4	Snupe_Ct	2	Sh vs Ct
Inpp5a	43.6	Snupe_Ct	2	Sh vs Ct
Inpp5a	57.7	Snupe_Ct	2	Sh vs Ct
Inpp5a	44.6	Snupe_Ct	2	Sh vs Ct
Inpp5a	53.2	Snupe_Ct	2	Sh vs Ct
Inpp5a	43.3	Snupe_Sh	1	Sh vs Ct
Inpp5a	67.2	Snupe_Sh	1	Sh vs Ct
Inpp5a	60.9	Snupe_Sh	1	Sh vs Ct
Inpp5a	61.6	Snupe_Sh	1	Sh vs Ct
Inpp5a	55.3	Snupe_Sh	1	Sh vs Ct
Inpp5a	68.8	Snupe_Sh	1	Sh vs Ct
Inpp5a	66.3	Snupe_Sh	1	Sh vs Ct
Inpp5a	62.7	Snupe_Sh	1	Sh vs Ct
Inpp5a	67.3	Snupe_Sh	1	Sh vs Ct
Inpp5a	62.1	Snupe_Sh	1	Sh vs Ct
Inpp5a	52.4	Snupe_Sh	1	Sh vs Ct
Inpp5a	62.8	Snupe_Sh	1	Sh vs Ct
Inpp5a	56	Snupe_Sh	1	Sh vs Ct
Inpp5a	60.5	Snupe_Sh	1	Sh vs Ct
Inpp5a	83.1837566	miseq_Y	3	Y vs O
Inpp5a	83.0035646	miseq_Y	3	Y vs O
Inpp5a	84.0327613	miseq_Y	3	Y vs O
Inpp5a	98.910112	miseq_Y	3	Y vs O
Inpp5a	62.9305956	miseq_O	4	Y vs O
Inpp5a	64.5563162	miseq_O	4	Y vs O
Inpp5a	63.9452055	miseq_O	4	Y vs O
Inpp5a	72.605042	miseq_O	4	Y vs O
Prdm16	100	DEEP_Sh	1	Sh vs Ct
Prdm16	100	DEEP_Sh	1	Sh vs Ct
Prdm16	100	DEEP_Ct	2	Sh vs Ct
Prdm16	100	DEEP_Ct	2	Sh vs Ct
Prdm16	100	Snupe_Ct	2	Sh vs Ct
Prdm16	100	Snupe_Ct	2	Sh vs Ct
Prdm16	100	Snupe_Ct	2	Sh vs Ct
Prdm16	100	Snupe_Ct	2	Sh vs Ct
Prdm16	100	Snupe_Ct	2	Sh vs Ct
Prdm16	100	Snupe_Ct	2	Sh vs Ct
Prdm16	100	Snupe_Ct	2	Sh vs Ct
Prdm16	100	Snupe_Ct	2	Sh vs Ct
Prdm16	100	Snupe_Ct	2	Sh vs Ct
Prdm16	100	Snupe_Sh	1	Sh vs Ct
Prdm16	100	Snupe_Sh	1	Sh vs Ct
Prdm16	100	Snupe_Sh	1	Sh vs Ct
Prdm16	100	Snupe_Sh	1	Sh vs Ct
Prdm16	100	Snupe_Sh	1	Sh vs Ct
Prdm16	100	Snupe_Sh	1	Sh vs Ct
Prdm16	100	Snupe_Sh	1	Sh vs Ct
Prdm16	100	Snupe_Sh	1	Sh vs Ct
Prdm16	100	Snupe_Sh	1	Sh vs Ct
Prdm16	100	Snupe_Sh	1	Sh vs Ct
Prdm16	100	Snupe_Sh	1	Sh vs Ct
Prdm16	100	Snupe_Sh	1	Sh vs Ct
Prdm16	100	Snupe_Sh	1	Sh vs Ct
Prdm16	100	Snupe_Sh	1	Sh vs Ct
Prdm16	87.8100999	miseq_Y	4	Y vs O
Prdm16	97.3313295	miseq_Y	4	Y vs O
Prdm16	93.2930037	miseq_Y	4	Y vs O
Prdm16	99.4940738	miseq_Y	4	Y vs O
Prdm16	90.2760134	miseq_O	4	Y vs O
Prdm16	99.1646938	miseq_O	4	Y vs O
Prdm16	93.4950917	miseq_O	4	Y vs O
Prdm16	93.8618572	miseq_O	4	Y vs O
Arhgef19	0.770660471	miseq_DEEP_Ct	2	Sh vs Ct
Arhgef19	0.743923829	miseq_DEEP_Ct	2	Sh vs Ct
Arhgef19	0.9017991	miseq_DEEP_Ct	2	Sh vs Ct
Arhgef19	0.868013836	miseq_DEEP_Ct	2	Sh vs Ct
Arhgef19	0.853108685	miseq_DEEP_Ct	2	Sh vs Ct
Arhgef19	0.800546448	miseq_DEEP_Ct	2	Sh vs Ct
Arhgef19	0.790262172	miseq_DEEP_Ct	2	Sh vs Ct
Arhgef19	0.830048952	miseq_DEEP_Ct	2	Sh vs Ct
Arhgef19	0.805196346	miseq_DEEP_Ct	2	Sh vs Ct
Arhgef19	0.916267142	miseq_DEEP_Sh	1	Sh vs Ct
Arhgef19	0.84121681	miseq_DEEP_Sh	1	Sh vs Ct
Arhgef19	0.825287123	miseq_DEEP_Sh	1	Sh vs Ct
Arhgef19	0.88213381	miseq_DEEP_Sh	1	Sh vs Ct
Arhgef19	0.882176052	miseq_DEEP_Sh	1	Sh vs Ct
Arhgef19	0.864489796	miseq_DEEP_Sh	1	Sh vs Ct
Arhgef19	0.881342062	miseq_DEEP_Sh	1	Sh vs Ct
Arhgef19	0.920832391	miseq_DEEP_Sh	1	Sh vs Ct
Arhgef19	0.095394737	miseq_DEEP_Sh	1	Sh vs Ct
Arhgef19	0.84467493	miseq_DEEP_Sh	1	Sh vs Ct
Arhgef19	0.855880354	miseq_DEEP_Sh	1	Sh vs Ct
Arhgef19	0.826656151	miseq_DEEP_Sh	1	Sh vs Ct
Arhgef19	0.908904391	miseq_DEEP_Sh	1	Sh vs Ct
Arhgef19	0.54	Snupe_DEEP_Ct	2	Sh vs Ct
Arhgef19	0.561	Snupe_DEEP_Ct	2	Sh vs Ct
Arhgef19	0.727	Snupe_DEEP_Ct	2	Sh vs Ct
Arhgef19	0.645	Snupe_DEEP_Ct	2	Sh vs Ct
Arhgef19	0.635	Snupe_DEEP_Ct	2	Sh vs Ct
Arhgef19	0.601	Snupe_DEEP_Ct	2	Sh vs Ct
Arhgef19	0.598	Snupe_DEEP_Ct	2	Sh vs Ct
Arhgef19	0.571	Snupe_DEEP_Ct	2	Sh vs Ct
Arhgef19	0.583	Snupe_DEEP_Ct	2	Sh vs Ct
Arhgef19	0.613	Snupe_DEEP_Ct	2	Sh vs Ct
Arhgef19	0.549	Snupe_DEEP_Sh	1	Sh vs Ct
Arhgef19	0.66	Snupe_DEEP_Sh	1	Sh vs Ct
Arhgef19	0.608	Snupe_DEEP_Sh	1	Sh vs Ct
Arhgef19	0.605	Snupe_DEEP_Sh	1	Sh vs Ct
Arhgef19	0.61	Snupe_DEEP_Sh	1	Sh vs Ct
Arhgef19	0.642	Snupe_DEEP_Sh	1	Sh vs Ct
Arhgef19	0.651	Snupe_DEEP_Sh	1	Sh vs Ct
Arhgef19	0.598	Snupe_DEEP_Sh	1	Sh vs Ct
Arhgef19	0.723	Snupe_DEEP_Sh	1	Sh vs Ct
Arhgef19	0.636	Snupe_DEEP_Sh	1	Sh vs Ct
Arhgef19	0.611	Snupe_DEEP_Sh	1	Sh vs Ct
Arhgef19	0.608	Snupe_DEEP_Sh	1	Sh vs Ct
Arhgef19	0.661	Snupe_DEEP_Sh	1	Sh vs Ct
Arhgef19	0.636	Snupe_Y	3	Y vs O
Arhgef19	0.8	Snupe_Y	3	Y vs O
Arhgef19	0.594	Snupe_Y	3	 Y vs O
Arhgef19	0.579	Snupe_Y	3	 Y vs O
Arhgef19	0.344	Snupe_O	4	 Y vs O
Arhgef19	0.354	Snupe_O	4	Y vs O
Arhgef19	0.309	Snupe_O	4	Y vs O
Arhgef19	0.597	Snupe_O	4	Y vs O
Arhgef19	0.787606542	miseq_Y	3	Y vs O
Arhgef19	0.459180217	miseq_Y	3	Y vs O
Arhgef19	0.771723122	miseq_Y	3	Y vs O
Arhgef19	0.764953357	miseq_Y	3	Y vs O
Arhgef19	0.486517013	miseq_O	4	Y vs O
Arhgef19	0.517201392	miseq_O	4	Y vs O
Arhgef19	0.544554455	miseq_O	4	Y vs O
Arhgef19	0.851572959	miseq_O	4	Y vs O
Tent5a	0.504	Snupe_Y	3	 Y vs O
Tent5a	0.906	Snupe_Y	3	 Y vs O
Tent5a	0.417	Snupe_Y	3	 Y vs O
Tent5a	0.447	Snupe_Y	3	 Y vs O
Tent5a	0.646	Snupe_O	4	 Y vs O
Tent5a	0.71	Snupe_O	4	 Y vs O
Tent5a	0.947	Snupe_O	4	 Y vs O
Tent5a	0.624624625	miseq_O	4	Y vs O
Tent5a	0.646382868	miseq_O	4	Y vs O
Tent5a	0.705263158	miseq_O	4	Y vs O
Tent5a	0.912877867	miseq_O	4	Y vs O
Tent5a	0.366276347	miseq_Y	3	Y vs O
Tent5a	0.996329982	miseq_Y	3	Y vs O
Tent5a	0.319444444	miseq_Y	3	Y vs O
Tent5a	0.353489222	miseq_Y	3	Y vs O
Tent5a	0.608	Snupe_DEEP_Ct	2	Sh vs Ct
Tent5a	0.531	Snupe_DEEP_Ct	2	Sh vs Ct
Tent5a	0.638	Snupe_DEEP_Ct	2	Sh vs Ct
Tent5a	0.579	Snupe_DEEP_Ct	2	Sh vs Ct
Tent5a	0.64	Snupe_DEEP_Ct	2	Sh vs Ct
Tent5a	0.522	Snupe_DEEP_Ct	2	Sh vs Ct
Tent5a	0.543	Snupe_DEEP_Ct	2	Sh vs Ct
Tent5a	0.534	Snupe_DEEP_Ct	2	Sh vs Ct
Tent5a	0.647	Snupe_DEEP_Ct	2	Sh vs Ct
Tent5a	0.596	Snupe_DEEP_Sh	1	Sh vs Ct
Tent5a	0.538	Snupe_DEEP_Sh	1	Sh vs Ct
Tent5a	0.553	Snupe_DEEP_Sh	1	Sh vs Ct
Tent5a	0.534	Snupe_DEEP_Sh	1	Sh vs Ct
Tent5a	0.524	Snupe_DEEP_Sh	1	Sh vs Ct
Tent5a	0.561	Snupe_DEEP_Sh	1	Sh vs Ct
Tent5a	0.605	Snupe_DEEP_Sh	1	Sh vs Ct
Tent5a	0.587	Snupe_DEEP_Sh	1	Sh vs Ct
Tent5a	0.848	Snupe_DEEP_Sh	1	Sh vs Ct
Tent5a	0.563	Snupe_DEEP_Sh	1	Sh vs Ct
Tent5a	0.571	Snupe_DEEP_Sh	1	Sh vs Ct
Tent5a	0.56	Snupe_DEEP_Sh	1	Sh vs Ct
Tent5a	0.493	Snupe_DEEP_Sh	1	Sh vs Ct
Tent5a	0.36845904	miseq_DEEP_Ct	2	Sh vs Ct
Tent5a	0.325569177	miseq_DEEP_Ct	2	Sh vs Ct
Tent5a	0.428979981	miseq_DEEP_Ct	2	Sh vs Ct
Tent5a	0.291960703	miseq_DEEP_Ct	2	Sh vs Ct
Tent5a	0.413773148	miseq_DEEP_Ct	2	Sh vs Ct
Tent5a	0.38372093	miseq_DEEP_Ct	2	Sh vs Ct
Tent5a	0.349293946	miseq_DEEP_Ct	2	Sh vs Ct
Tent5a	0.304297329	miseq_DEEP_Ct	2	Sh vs Ct
Tent5a	0.26164741	miseq_DEEP_Ct	2	Sh vs Ct
Tent5a	0.334500515	miseq_DEEP_Sh	1	Sh vs Ct
Tent5a	0.376193001	miseq_DEEP_Sh	1	Sh vs Ct
Tent5a	0.333643469	miseq_DEEP_Sh	1	Sh vs Ct
Tent5a	0.319428701	miseq_DEEP_Sh	1	Sh vs Ct
Tent5a	0.389367816	miseq_DEEP_Sh	1	Sh vs Ct
Tent5a	0.329509906	miseq_DEEP_Sh	1	Sh vs Ct
Tent5a	0.381293403	miseq_DEEP_Sh	1	Sh vs Ct
Tent5a	0.399775317	miseq_DEEP_Sh	1	Sh vs Ct
Tent5a	0.393694254	miseq_DEEP_Sh	1	Sh vs Ct
Tent5a	0.36804901	miseq_DEEP_Sh	1	Sh vs Ct
Tent5a	0.361581921	miseq_DEEP_Sh	1	Sh vs Ct
Tent5a	0.372296742	miseq_DEEP_Sh	1	Sh vs Ct
Tent5a	0.258940397	miseq_DEEP_Sh	1	Sh vs Ct
Tars	0.967386167	miseq_Y	3	Y vs O
Tars	0.996905274	miseq_Y	3	Y vs O
Tars	0.914126567	miseq_Y	3	Y vs O
Tars	0.923076923	miseq_Y	3	Y vs O
Tars	0.710225893	miseq_O	4	Y vs O
Tars	0.826015065	miseq_O	4	Y vs O
Tars	0.690721649	miseq_O	4	Y vs O
Tars	0.931937173	miseq_O	4	Y vs O
Tars	0.922	Snupe_Y	3	 Y vs O
Tars	0.933	Snupe_Y	3	 Y vs O
Tars	0.894	Snupe_Y	3	 Y vs O
Tars	0.91	Snupe_Y	3	 Y vs O
Tars	0.673	Snupe_O	4	 Y vs O
Tars	0.767	Snupe_O	4	 Y vs O
Tars	0.585	Snupe_O	4	 Y vs O
Tars	0.856	Snupe_DEEP_Ct	2	Sh vs Ct
Tars	0.925	Snupe_DEEP_Ct	2	Sh vs Ct
Tars	0.925	Snupe_DEEP_Ct	2	Sh vs Ct
Tars	0.841	Snupe_DEEP_Ct	2	Sh vs Ct
Tars	0.917	Snupe_DEEP_Ct	2	Sh vs Ct
Tars	0.911	Snupe_DEEP_Ct	2	Sh vs Ct
Tars	0.891	Snupe_DEEP_Ct	2	Sh vs Ct
Tars	0.95	Snupe_DEEP_Ct	2	Sh vs Ct
Tars	0.917	Snupe_DEEP_Ct	2	Sh vs Ct
Tars	0.931	Snupe_DEEP_Sh	1	Sh vs Ct
Tars	0.939	Snupe_DEEP_Sh	1	Sh vs Ct
Tars	0.947	Snupe_DEEP_Sh	1	Sh vs Ct
Tars	0.946	Snupe_DEEP_Sh	1	Sh vs Ct
Tars	0.957	Snupe_DEEP_Sh	1	Sh vs Ct
Tars	0.962	Snupe_DEEP_Sh	1	Sh vs Ct
Tars	0.945	Snupe_DEEP_Sh	1	Sh vs Ct
Tars	0.949	Snupe_DEEP_Sh	1	Sh vs Ct
Tars	0.913	Snupe_DEEP_Sh	1	Sh vs Ct
Tars	0.922	Snupe_DEEP_Sh	1	Sh vs Ct
Tars	0.961	Snupe_DEEP_Sh	1	Sh vs Ct
Tars	0.934	Snupe_DEEP_Sh	1	Sh vs Ct
Tars	0.864895885	miseq_DEEP_Ct	2	Sh vs Ct
Tars	0.955970647	miseq_DEEP_Ct	2	Sh vs Ct
Tars	0.940552699	miseq_DEEP_Ct	2	Sh vs Ct
Tars	0.940821831	miseq_DEEP_Ct	2	Sh vs Ct
Tars	0.815904822	miseq_DEEP_Ct	2	Sh vs Ct
Tars	0.915540541	miseq_DEEP_Ct	2	Sh vs Ct
Tars	0.923838012	miseq_DEEP_Ct	2	Sh vs Ct
Tars	0.962535511	miseq_DEEP_Ct	2	Sh vs Ct
Tars	0.939911576	miseq_DEEP_Ct	2	Sh vs Ct
Tars	0.94343151	miseq_DEEP_Sh	1	Sh vs Ct
Tars	0.935076381	miseq_DEEP_Sh	1	Sh vs Ct
Tars	0.962488394	miseq_DEEP_Sh	1	Sh vs Ct
Tars	0.953530259	miseq_DEEP_Sh	1	Sh vs Ct
Tars	0.964018303	miseq_DEEP_Sh	1	Sh vs Ct
Tars	0.950385658	miseq_DEEP_Sh	1	Sh vs Ct
Tars	0.949291446	miseq_DEEP_Sh	1	Sh vs Ct
Tars	0.958303249	miseq_DEEP_Sh	1	Sh vs Ct
Tars	0.96216068	miseq_DEEP_Sh	1	Sh vs Ct
Tars	0.93287688	miseq_DEEP_Sh	1	Sh vs Ct
Tars	0.917684646	miseq_DEEP_Sh	1	Sh vs Ct
Tars	0.970762977	miseq_DEEP_Sh	1	Sh vs Ct
Tars	0.93679558	miseq_DEEP_Sh	1	Sh vs Ct
Scx	0.488216673	miseq_Y	3	Y vs O
Scx	0.358845339	miseq_Y	3	Y vs O
Scx	0.471589547	miseq_Y	3	Y vs O
Scx	0.386031266	miseq_Y	3	Y vs O
Scx	0.773475745	miseq_O	4	Y vs O
Scx	0.783164877	miseq_O	4	Y vs O
Scx	0.662162162	miseq_O	4	Y vs O
Scx	0.705417872	miseq_O	4	Y vs O
Scx	0.336	Snupe_Y	3	 Y vs O
Scx	0.247	Snupe_Y	3	 Y vs O
Scx	0.347	Snupe_Y	3	 Y vs O
Scx	0.282	Snupe_Y	3	 Y vs O
Scx	0.596	Snupe_O	4	 Y vs O
Scx	0.613	Snupe_O	4	 Y vs O
Scx	0.544	Snupe_O	4	 Y vs O
Scx	0.53	Snupe_O	4	 Y vs O
Scx	0.387	Snupe_DEEP_Ct	2	Sh vs Ct
Scx	0.42	Snupe_DEEP_Ct	2	Sh vs Ct
Scx	0.288	Snupe_DEEP_Ct	2	Sh vs Ct
Scx	0.33	Snupe_DEEP_Ct	2	Sh vs Ct
Scx	0.291	Snupe_DEEP_Ct	2	Sh vs Ct
Scx	0.353	Snupe_DEEP_Ct	2	Sh vs Ct
Scx	0.309	Snupe_DEEP_Ct	2	Sh vs Ct
Scx	0.398	Snupe_DEEP_Ct	2	Sh vs Ct
Scx	0.301	Snupe_DEEP_Ct	2	Sh vs Ct
Scx	0.403	Snupe_DEEP_Ct	2	Sh vs Ct
Scx	0.314	Snupe_DEEP_Sh	1	Sh vs Ct
Scx	0.35	Snupe_DEEP_Sh	1	Sh vs Ct
Scx	0.355	Snupe_DEEP_Sh	1	Sh vs Ct
Scx	0.326	Snupe_DEEP_Sh	1	Sh vs Ct
Scx	0.295	Snupe_DEEP_Sh	1	Sh vs Ct
Scx	0.29	Snupe_DEEP_Sh	1	Sh vs Ct
Scx	0.332	Snupe_DEEP_Sh	1	Sh vs Ct
Scx	0.348	Snupe_DEEP_Sh	1	Sh vs Ct
Scx	0.312	Snupe_DEEP_Sh	1	Sh vs Ct
Scx	0.358	Snupe_DEEP_Sh	1	Sh vs Ct
Scx	0.349	Snupe_DEEP_Sh	1	Sh vs Ct
Scx	0.322	Snupe_DEEP_Sh	1	Sh vs Ct
Scx	0.501567398	miseq_DEEP_Ct	2	Sh vs Ct
Scx	0.496277916	miseq_DEEP_Ct	2	Sh vs Ct
Scx	0.3678487	miseq_DEEP_Ct	2	Sh vs Ct
Scx	0.423106948	miseq_DEEP_Ct	2	Sh vs Ct
Scx	0.380031364	miseq_DEEP_Ct	2	Sh vs Ct
Scx	0.458563536	miseq_DEEP_Ct	2	Sh vs Ct
Scx	0.39863103	miseq_DEEP_Ct	2	Sh vs Ct
Scx	0.382322713	miseq_DEEP_Ct	2	Sh vs Ct
Scx	0.491318328	miseq_DEEP_Ct	2	Sh vs Ct
Scx	0.392344498	miseq_DEEP_Sh	1	Sh vs Ct
Scx	0.450928382	miseq_DEEP_Sh	1	Sh vs Ct
Scx	0.446347607	miseq_DEEP_Sh	1	Sh vs Ct
Scx	0.418375948	miseq_DEEP_Sh	1	Sh vs Ct
Scx	0.381750466	miseq_DEEP_Sh	1	Sh vs Ct
Scx	0.392598245	miseq_DEEP_Sh	1	Sh vs Ct
Scx	0.418414918	miseq_DEEP_Sh	1	Sh vs Ct
Scx	0.415665545	miseq_DEEP_Sh	1	Sh vs Ct
Scx	0.97869102	miseq_DEEP_Sh	1	Sh vs Ct
Scx	0.438035853	miseq_DEEP_Sh	1	Sh vs Ct
Scx	0.445284377	miseq_DEEP_Sh	1	Sh vs Ct
Scx	0.448416752	miseq_DEEP_Sh	1	Sh vs Ct
Scx	0.427120141	miseq_DEEP_Sh	1	Sh vs Ct
